label,n,mean_ratio,std_ratio,median_ratio
0,1375,0.7029077009245114,0.03747639448991858,0.7041322314049587
1,1375,0.6419315295483771,0.06705183928352278,0.6428571428571429
